Agree,Disagree,Discuss,Grade,Recall,Unrelated
0.39096163951655283,0.06743185078909612,0.8552867383512545,82.31520223152022,0.8893086215716366,0.9804893999673007
